{
  "template_name": "tyt_standard_A",
  "page_width": 2480,
  "page_height": 3508,
  "bubbles": {
    "1": {
      "x": 200,
      "y": 400,
      "w": 80,
      "h": 60
    },
    "2": {
      "x": 320,
      "y": 400,
      "w": 80,
      "h": 60
    },
    "3": {
      "x": 440,
      "y": 400,
      "w": 80,
      "h": 60
    },
    "4": {
      "x": 560,
      "y": 400,
      "w": 80,
      "h": 60
    },
    "5": {
      "x": 200,
      "y": 480,
      "w": 80,
      "h": 60
    },
    "6": {
      "x": 320,
      "y": 480,
      "w": 80,
      "h": 60
    },
    "7": {
      "x": 440,
      "y": 480,
      "w": 80,
      "h": 60
    },
    "8": {
      "x": 560,
      "y": 480,
      "w": 80,
      "h": 60
    },
    "9": {
      "x": 200,
      "y": 560,
      "w": 80,
      "h": 60
    },
    "10": {
      "x": 320,
      "y": 560,
      "w": 80,
      "h": 60
    },
    "11": {
      "x": 440,
      "y": 560,
      "w": 80,
      "h": 60
    },
    "12": {
      "x": 560,
      "y": 560,
      "w": 80,
      "h": 60
    },
    "13": {
      "x": 200,
      "y": 640,
      "w": 80,
      "h": 60
    },
    "14": {
      "x": 320,
      "y": 640,
      "w": 80,
      "h": 60
    },
    "15": {
      "x": 440,
      "y": 640,
      "w": 80,
      "h": 60
    },
    "16": {
      "x": 560,
      "y": 640,
      "w": 80,
      "h": 60
    },
    "17": {
      "x": 200,
      "y": 720,
      "w": 80,
      "h": 60
    },
    "18": {
      "x": 320,
      "y": 720,
      "w": 80,
      "h": 60
    },
    "19": {
      "x": 440,
      "y": 720,
      "w": 80,
      "h": 60
    },
    "20": {
      "x": 560,
      "y": 720,
      "w": 80,
      "h": 60
    },
    "21": {
      "x": 200,
      "y": 800,
      "w": 80,
      "h": 60
    },
    "22": {
      "x": 320,
      "y": 800,
      "w": 80,
      "h": 60
    },
    "23": {
      "x": 440,
      "y": 800,
      "w": 80,
      "h": 60
    },
    "24": {
      "x": 560,
      "y": 800,
      "w": 80,
      "h": 60
    },
    "25": {
      "x": 200,
      "y": 880,
      "w": 80,
      "h": 60
    },
    "26": {
      "x": 320,
      "y": 880,
      "w": 80,
      "h": 60
    },
    "27": {
      "x": 440,
      "y": 880,
      "w": 80,
      "h": 60
    },
    "28": {
      "x": 560,
      "y": 880,
      "w": 80,
      "h": 60
    },
    "29": {
      "x": 200,
      "y": 960,
      "w": 80,
      "h": 60
    },
    "30": {
      "x": 320,
      "y": 960,
      "w": 80,
      "h": 60
    },
    "31": {
      "x": 440,
      "y": 960,
      "w": 80,
      "h": 60
    },
    "32": {
      "x": 560,
      "y": 960,
      "w": 80,
      "h": 60
    },
    "33": {
      "x": 200,
      "y": 1040,
      "w": 80,
      "h": 60
    },
    "34": {
      "x": 320,
      "y": 1040,
      "w": 80,
      "h": 60
    },
    "35": {
      "x": 440,
      "y": 1040,
      "w": 80,
      "h": 60
    },
    "36": {
      "x": 560,
      "y": 1040,
      "w": 80,
      "h": 60
    },
    "37": {
      "x": 200,
      "y": 1120,
      "w": 80,
      "h": 60
    },
    "38": {
      "x": 320,
      "y": 1120,
      "w": 80,
      "h": 60
    },
    "39": {
      "x": 440,
      "y": 1120,
      "w": 80,
      "h": 60
    },
    "40": {
      "x": 560,
      "y": 1120,
      "w": 80,
      "h": 60
    }
  }
}